{"cameraMode":{"drawMode":0,"name":"Shaded","section":"Shading Mode"},"sceneLighting":true,"audioPlay":false,"sceneViewState":{"showFog":true,"showMaterialUpdate":true,"showSkybox":true,"showFlares":true,"showImageEffects":true,"showParticleSystems":true},"in2DMode":false,"pivot":{"x":2.1439340114593508,"y":4.059565544128418,"z":19.340116500854493},"rotation":{"x":0.0010252855718135834,"y":0.9970299601554871,"z":-0.07581890374422074,"w":0.013478382490575314},"size":19.125320434570314,"orthographic":false}