{"cameraMode":{"drawMode":0,"name":"Shaded","section":"Shading Mode"},"sceneLighting":true,"audioPlay":false,"sceneViewState":{"showFog":true,"showMaterialUpdate":true,"showSkybox":true,"showFlares":true,"showImageEffects":true,"showParticleSystems":true},"in2DMode":false,"pivot":{"x":5.229774475097656,"y":3.6627025604248049,"z":18.80558204650879},"rotation":{"x":-0.006447500549256802,"y":0.993212103843689,"z":-0.06804055720567703,"w":-0.09412120282649994},"size":16.037755966186525,"orthographic":false}